Number,Links
1,website/DataSet/numbers\1
10,website/DataSet/numbers\10
11,website/DataSet/numbers\11
12,website/DataSet/numbers\12
13,website/DataSet/numbers\13
14,website/DataSet/numbers\14
15,website/DataSet/numbers\15
16,website/DataSet/numbers\16
17,website/DataSet/numbers\17
18,website/DataSet/numbers\18
19,website/DataSet/numbers\19
2,website/DataSet/numbers\2
20,website/DataSet/numbers\20
3,website/DataSet/numbers\3
4,website/DataSet/numbers\4
5,website/DataSet/numbers\5
6,website/DataSet/numbers\6
7,website/DataSet/numbers\7
8,website/DataSet/numbers\8
9,website/DataSet/numbers\9
